time,High Price,Low Price,Open Price,Volume From,Volume To,Close Price,conversionType,conversionSymbol,Close_Lag1,7-day MA
2024-08-26,64504.12,62816.08,64264.62,27037.83,1719932426.98,62850.27,direct,,62850.27,59448.14428571429
2024-08-27,63220.85,58045.32,62850.27,39241.27,2403744129.11,59441.73,direct,,62850.27,59448.14428571429
2024-08-28,60232.58,57868.47,59441.73,38043.04,2251640371.44,59043.5,direct,,59441.73,59448.14428571429
2024-08-29,61191.57,58735.81,59043.5,34345.83,2058113286.38,59369.85,direct,,59043.5,59448.14428571429
2024-08-30,59926.33,57725.72,59369.85,35023.22,2063630420.49,59129.05,direct,,59369.85,59448.14428571429
2024-08-31,59456.66,58759.04,59129.05,8035.77,474924657.65,58989.17,direct,,59129.05,59448.14428571429
2024-09-01,59085.64,57217.94,58989.17,22352.53,1298154355.3,57313.44,direct,,58989.17,59448.14428571429
2024-09-02,59431.04,57135.27,57313.44,23766.29,1383666270.94,59147.8,direct,,57313.44,58919.219999999994
2024-09-03,59825.44,57411.84,59147.8,26568.4,1548986994.4,57481.84,direct,,59147.8,58639.235714285714
2024-09-04,58532.47,55625.58,57481.84,43027.18,2458579314.87,57975.52,direct,,57481.84,58486.66714285714
2024-09-05,58329.93,55651.61,57975.52,38784.5,2198240196.62,56167.4,direct,,57975.52,58029.17428571429
2024-09-06,57004.28,52552.05,56167.4,69521.39,3807917186.59,53954.33,direct,,56167.4,57289.92857142857
2024-09-07,54852.05,53742.58,53954.33,17050.67,925092003.79,54167.82,direct,,53954.33,56601.16428571429
2024-09-08,55321.44,53631.93,54167.82,19159.79,1042880564.27,54879.33,direct,,54167.82,56253.434285714284
2024-09-09,58005.33,54591.28,54879.33,42637.41,2385673385.77,57056.31,direct,,54879.33,55954.65
2024-09-10,58050.66,56397.36,57056.31,33391.45,1908344975.36,57642.43,direct,,57056.31,55977.591428571424
2024-09-11,58002.86,55554.25,57642.43,55576.26,3160608627.55,57354.27,direct,,57642.43,55888.84142857143
2024-09-12,58573.29,57330.99,57354.27,40914.83,2373500502.95,58140.61,direct,,57354.27,56170.72857142857
2024-09-13,60666.01,57637.58,58140.61,40546.37,2401277043.91,60548.12,direct,,58140.61,57112.69857142856
2024-09-14,60653.12,59433.38,60548.12,15042.25,903199598.39,60013.26,direct,,60548.12,57947.76142857142
2024-09-15,60409.32,58697.69,60013.26,19176.34,1146142289.52,59139.21,direct,,60013.26,58556.315714285716
2024-09-16,59215.73,57486.82,59139.21,33106.34,1927790314.93,58210.01,direct,,59139.21,58721.130000000005
2024-09-17,61356.68,57624.63,58210.01,40712.51,2440680770.1,60321.59,direct,,58210.01,59103.86714285715
2024-09-18,61794.54,59185.2,60321.59,48151.29,2902628124.61,61775.68,direct,,60321.59,59735.49714285714
2024-09-19,63881.87,61582.28,61775.68,46829.96,2939807292.07,62963.41,direct,,61775.68,60424.46857142857
2024-09-20,64131.22,62345.57,62963.41,34617.55,2188110863.96,63211.47,direct,,62963.41,60804.94714285714
2024-09-21,63548.08,62767.25,63211.47,12142.67,766364347.61,63363.17,direct,,63211.47,61283.50571428572
2024-09-22,64015.58,62394.47,63363.17,18884.06,1190921326.46,63587.45,direct,,63363.17,61918.968571428566
2024-09-23,64749.32,62584.5,63587.45,27280.27,1734107185.41,63341.97,direct,,63587.45,62652.10571428571
2024-09-24,64698.02,62710.48,63341.97,32160.64,2045185242.06,64276.65,direct,,63341.97,63217.11428571429
2024-09-25,64823.35,62938.97,64276.65,23967.21,1526541478.78,63144.83,direct,,64276.65,63412.70714285714
2024-09-26,65861.15,62660.36,63144.83,43302.56,2800234985.9,65183.68,direct,,63144.83,63729.888571428564
2024-09-27,66547.69,64839.11,65183.68,36162.6,2378877920.32,65790.28,direct,,65183.68,64098.29
2024-09-28,66267.41,65442.19,65790.28,10383.49,682765288.62,65868.67,direct,,65790.28,64456.218571428566
2024-09-29,66081.97,65440.3,65868.67,11532.92,758322138.61,65611.98,direct,,65868.67,64745.437142857154
2024-09-30,65627.43,62846.03,65611.98,42396.01,2712227231.34,63314.81,direct,,65611.98,64741.55714285715
2024-10-01,64112.99,60156.13,63314.81,67326.52,4189744833.01,60790.06,direct,,63314.81,64243.47285714285
2024-10-02,62383.28,59976.82,60790.06,55652.18,3402156876.74,60641.8,direct,,60790.06,63885.897142857146
2024-10-03,61478.71,59846.16,60641.8,50457.09,3058499959.35,60746.35,direct,,60641.8,63251.99285714286
2024-10-04,62480.52,60458.33,60746.35,38904.7,2395319327.7,62094.06,direct,,60746.35,62723.96142857143
2024-10-05,62377.77,61689.84,62094.06,10082.43,625465514.89,62059.19,direct,,62094.06,62179.75
2024-10-06,62976.08,61815.61,62059.19,13418.93,838451338.95,62821.76,direct,,62059.19,61781.147142857146
2024-10-07,64458.38,62129.23,62821.76,41062.64,2602786910.05,62209.84,direct,,62821.76,61623.29428571428
2024-10-08,63185.68,61832.71,62209.84,33506.88,2090901005.09,62129.17,direct,,62209.84,61814.59571428572
2024-10-09,62513.84,60252.65,62129.17,37528.72,2311387233.46,60585.22,direct,,62129.17,61806.51285714285
2024-10-10,61251.26,58869.24,60585.22,42405.42,2553922274.06,60280.38,direct,,60585.22,61739.94571428571
2024-10-11,63418.56,60039.18,60280.38,36112.65,2236421715.94,62517.42,direct,,60280.38,61800.42571428571
2024-10-12,63469.71,62473.78,62517.42,15673.6,987509499.19,63197.03,direct,,62517.42,61962.974285714285
2024-10-13,63276.36,62036.49,63197.03,16786.01,1051974824.5,62854.48,direct,,63197.03,61967.648571428566
2024-10-14,66494.04,62438.82,62854.48,50393.51,3279898050.67,66068.25,direct,,62854.48,62518.84999999999
2024-10-15,67938.85,64791.36,66068.25,51909.81,3442311150.59,67064.69,direct,,66068.25,63223.92428571428
2024-10-16,68401.67,66752.45,67064.69,42024.2,2841013476.69,67614.71,direct,,67064.69,64228.137142857144
2024-10-17,67931.28,66643.91,67614.71,32062.99,2154293295.5,67408.87,direct,,67614.71,65246.49285714286
2024-10-18,69016.74,67167.07,67408.87,36869.58,2516405877.34,68425.63,direct,,67408.87,66090.52285714286
2024-10-19,68681.33,68009.42,68425.63,7712.36,526753638.72,68370.04,direct,,68425.63,66829.52428571429
2024-10-20,69385.31,68094.66,68370.04,11999.25,824334290.12,69020.94,direct,,68370.04,67710.44714285714
2024-10-21,69501.44,66811.42,69020.94,36536.85,2480399716.7,67358.14,direct,,69020.94,67894.71714285715
2024-10-22,67800.62,66540.7,67358.14,32484.74,2184452853.61,67390.32,direct,,67358.14,67941.23571428572
2024-10-23,67436.29,65171.54,67390.32,32488.79,2154644447.87,66612.97,direct,,67390.32,67798.13
2024-10-24,68812.4,66456.7,66612.97,31715.51,2144280257.66,68163.56,direct,,66612.97,67905.94285714286
2024-10-25,68745.57,65510.53,68163.56,43824.41,2952724943.71,66577.77,direct,,68163.56,67641.96285714286
2024-10-26,67366.46,66343.25,66577.77,14159.11,946447393.67,67014.72,direct,,66577.77,67448.34571428572
2024-10-27,68254.55,66852.5,67014.72,12105.31,818581011.16,67945.14,direct,,67014.72,67294.66
2024-10-28,70241.74,67541.0,67945.14,42091.94,2902994091.1,69925.83,direct,,67945.14,67661.47285714286
2024-10-29,73612.24,69725.05,69925.83,58289.36,4194343293.57,72723.67,direct,,69925.83,68423.38
2024-10-30,72945.06,71408.4,72723.67,38392.15,2769522546.26,72331.96,direct,,72723.67,69240.37857142858
2024-10-31,72675.24,69585.02,72331.96,39358.14,2794856636.84,70207.54,direct,,72331.96,69532.37571428572
2024-11-01,71616.01,68755.75,70207.54,49030.12,3429441961.46,69473.41,direct,,70207.54,69946.03857142858
2024-11-02,69884.38,69006.88,69473.41,10811.2,750733288.76,69354.01,direct,,69473.41,70280.22285714286
2024-11-03,69364.8,67457.91,69354.01,29674.18,2028670648.54,68747.04,direct,,69354.01,70394.78
2024-11-04,69453.56,66793.64,68747.04,43141.35,2939056973.62,67811.95,direct,,68747.04,70092.79714285715
2024-11-05,70540.03,67432.99,67811.95,47211.37,3274519976.93,69378.09,direct,,67811.95,69614.85714285714
2024-11-06,76482.2,69295.92,69378.09,116207.84,8601347745.99,75643.57,direct,,69378.09,70087.94428571429
2024-11-07,76963.92,74472.09,75643.57,58490.52,4433063855.56,75922.41,direct,,75643.57,70904.35428571429
2024-11-08,77289.29,75656.7,75922.41,48629.32,3714364388.44,76562.31,direct,,75922.41,71917.05428571429
2024-11-09,76949.29,75763.57,76562.31,15808.47,1208160963.89,76716.41,direct,,76562.31,72968.8257142857
2024-11-10,81520.53,76545.66,76716.41,57715.18,4582398468.87,80429.43,direct,,76716.41,74637.73857142856
2024-11-11,89644.7,80283.65,80429.43,104407.32,8845679630.06,88758.31,direct,,80429.43,77630.07571428572
2024-11-12,90006.57,85125.04,88758.31,117605.91,10326697667.45,88040.54,direct,,88758.31,80296.14
2024-11-13,93479.86,86252.86,88040.54,124766.84,11250681620.25,90498.51,direct,,88040.54,82418.27428571429
2024-11-14,91817.29,86679.1,90498.51,81846.21,7309565757.27,87334.19,direct,,90498.51,84048.52857142857
2024-11-15,91897.76,87118.43,87334.19,71049.87,6353615968.72,91058.92,direct,,87334.19,86119.47285714284
2024-11-16,91810.87,90092.82,91058.92,27488.76,2501576427.85,90630.94,direct,,91058.92,88107.26285714285
2024-11-17,91436.45,88728.28,90630.94,30966.65,2791320512.2,89877.16,direct,,90630.94,89456.93857142857
2024-11-18,92649.98,87547.97,89877.16,66007.84,6006522738.03,90514.83,direct,,89877.16,89707.87
2024-11-19,94056.9,90414.27,90514.83,64909.54,5995386487.48,92418.48,direct,,90514.83,90333.29000000001
2024-11-20,95056.1,91612.46,92418.48,70180.2,6579886464.89,94379.92,direct,,92418.48,90887.77714285716
2024-11-21,99056.4,94152.97,94379.92,89243.49,8678686263.5,98436.25,direct,,94379.92,92473.78571428571
2024-11-22,99772.99,97207.77,98436.25,74286.51,7337283037.5,99010.89,direct,,98436.25,93609.78142857143
2024-11-23,99023.88,97219.23,99010.89,29017.14,2853544178.0,97765.04,direct,,99010.89,94628.93857142856
2024-11-24,98670.34,95781.2,97765.04,30269.68,2940396079.61,98018.2,direct,,97765.04,95791.94428571427
2024-11-25,98974.51,92592.66,98018.2,68259.16,6533804395.53,93019.38,direct,,98018.2,96149.73714285714
2024-11-26,95007.52,90730.54,93019.38,77087.79,7150066318.55,91903.89,direct,,93019.38,96076.22428571428
2024-11-27,97373.56,91757.22,91903.89,47765.92,4533983270.73,95957.51,direct,,91903.89,96301.59428571428
2024-11-28,96672.28,94677.17,95957.51,24214.5,2311939499.68,95670.41,direct,,95957.51,95906.47428571428
2024-11-29,98735.69,95391.39,95670.41,39884.8,3883366949.57,97510.92,direct,,95670.41,95692.19285714286
2024-11-30,97514.26,96137.13,97510.92,12565.01,1215861238.63,96473.51,direct,,97510.92,95507.68857142857
2024-12-01,97896.77,95752.22,96473.51,17120.23,1659820134.72,97276.47,direct,,96473.51,95401.72714285715
2024-12-02,98219.29,94419.96,97276.47,52454.21,5040855658.82,95859.75,direct,,97276.47,95807.49428571427
2024-12-03,96304.02,93590.91,95859.75,52781.2,5033493735.21,95928.37,direct,,95859.75,96382.42000000001
2024-12-04,96531.06,95569.3,95928.37,2149.54,206031546.84,96410.61,direct,,95928.37,96447.14857142858
